id;ref_client;nom;prenom;contact
1;reciprocal withdrawa;synthesize compressing;multi-byte Administrateur;paradigm
2;foreground XSS engag;a interfaces;Handcrafted iterate PNG;Account
3;content;Jewelery c;Licensed;uniform content
4;a Wooden;Metal Wooden back-end;Avon online;index
5;transitional Multi-l;orange;hub encoding Canada;b a
6;payment;Rh√¥ne-Alpes neural;migration Plastic Small;Automotive Fantastic Ball
7;Pants;Market Gorgeous;back-end Cambridgeshire Cotton;wireless COM Licensed
8;Superviseur Account ;Checking;feed;b cutting-edge Account
9;copying viral system;invoice cohesive;Corse generating;Basse-Normandie Sausages
10;index;e-business Loan;Shoes;hack synthesize alarm
